{"stats":{"minecraft:broken":{"minecraft:stone_pickaxe":1,"minecraft:iron_shovel":1},"minecraft:crafted":{"minecraft:oak_door":3,"minecraft:oak_planks":24,"minecraft:crafting_table":1,"minecraft:iron_sword":1,"minecraft:stone_axe":1,"minecraft:air":0,"minecraft:iron_boots":1,"minecraft:iron_chestplate":1,"minecraft:iron_axe":1,"minecraft:ladder":3,"minecraft:stick":38,"minecraft:iron_ingot":35,"minecraft:iron_pickaxe":1,"minecraft:stone_pickaxe":1,"minecraft:iron_shovel":2,"minecraft:iron_leggings":1,"minecraft:torch":72},"minecraft:picked_up":{"minecraft:azure_bluet":2,"minecraft:chest_minecart":1,"minecraft:leather":2,"minecraft:brown_bed":2,"minecraft:oak_log":22,"minecraft:cornflower":1,"minecraft:dirt":329,"minecraft:string":4,"minecraft:oak_trapdoor":4,"minecraft:orange_terracotta":4,"minecraft:wheat_seeds":16,"minecraft:beef":1,"minecraft:poppy":1,"minecraft:melon_slice":72,"minecraft:oak_planks":9,"minecraft:egg":6,"minecraft:book":3,"minecraft:raw_iron":35,"minecraft:brown_terracotta":9,"minecraft:torch":2,"minecraft:dandelion":3,"minecraft:acacia_log":5,"minecraft:porkchop":2,"minecraft:dark_oak_planks":39,"minecraft:arrow":2,"minecraft:rotten_flesh":7,"minecraft:yellow_terracotta":2,"minecraft:white_wool":1,"minecraft:coal":38,"minecraft:rail":2,"minecraft:cobblestone":68,"minecraft:oxeye_daisy":4},"minecraft:dropped":{"minecraft:iron_ingot":4,"minecraft:melon_slice":32},"minecraft:killed":{"minecraft:cave_spider":1,"minecraft:pig":1,"minecraft:spider":1,"minecraft:skeleton":1,"minecraft:zombie":5,"minecraft:cow":1},"minecraft:used":{"minecraft:iron_shovel":314,"minecraft:stone_pickaxe":132,"minecraft:oak_planks":5,"minecraft:ladder":3,"minecraft:stone":1,"minecraft:iron_sword":2,"minecraft:white_wool":1,"minecraft:rotten_flesh":7,"minecraft:iron_chestplate":1,"minecraft:oak_door":2,"minecraft:torch":74,"minecraft:dirt":21,"minecraft:yellow_terracotta":2,"minecraft:crafting_table":1,"minecraft:iron_axe":61,"minecraft:melon_slice":9,"minecraft:iron_pickaxe":23,"minecraft:iron_boots":1,"minecraft:stone_axe":61,"minecraft:cobblestone":65,"minecraft:egg":5,"minecraft:orange_terracotta":4,"minecraft:brown_bed":2,"minecraft:iron_leggings":1},"minecraft:custom":{"minecraft:interact_with_furnace":13,"minecraft:mob_kills":10,"minecraft:interact_with_crafting_table":17,"minecraft:open_barrel":2,"minecraft:interact_with_loom":1,"minecraft:leave_game":1,"minecraft:time_since_death":94594,"minecraft:sleep_in_bed":5,"minecraft:climb_one_cm":2649,"minecraft:time_since_rest":10792,"minecraft:waystone_activated":1,"minecraft:sprint_one_cm":68857,"minecraft:damage_taken":192,"minecraft:walk_one_cm":356579,"minecraft:drop":2,"minecraft:damage_dealt":1531,"minecraft:fly_one_cm":42044,"minecraft:open_chest":5,"minecraft:crouch_one_cm":10350,"minecraft:play_time":94594,"minecraft:sneak_time":2646,"minecraft:walk_under_water_one_cm":5343,"minecraft:jump":697,"minecraft:walk_on_water_one_cm":14993,"minecraft:total_world_time":94594,"minecraft:fall_one_cm":12268},"minecraft:mined":{"minecraft:dark_oak_planks":39,"minecraft:yellow_terracotta":2,"minecraft:acacia_leaves":1,"minecraft:orange_terracotta":3,"minecraft:torch":2,"minecraft:acacia_log":5,"minecraft:grass_block":293,"minecraft:melon":13,"minecraft:tall_grass":3,"minecraft:oak_planks":9,"minecraft:oak_trapdoor":4,"minecraft:iron_ore":35,"minecraft:brown_bed":2,"minecraft:grass":13,"minecraft:bookshelf":1,"minecraft:coal_ore":38,"minecraft:oak_log":22,"minecraft:dirt":36,"minecraft:cobweb":2,"minecraft:brown_terracotta":6,"minecraft:stone":70,"minecraft:white_wool":1,"minecraft:oak_leaves":6}},"DataVersion":3465}