{"stats":{"minecraft:crafted":{"minecraft:cooked_beef":4,"minecraft:oak_planks":60,"minecraft:crafting_table":1,"minecraft:wooden_pickaxe":1,"minecraft:furnace":1,"minecraft:stone_axe":1,"minecraft:stick":8,"minecraft:iron_ingot":5,"minecraft:iron_pickaxe":1,"minecraft:stone_pickaxe":1,"minecraft:wooden_axe":1,"minecraft:chest":2},"minecraft:picked_up":{"minecraft:stripped_oak_log":5,"minecraft:crafting_table":1,"minecraft:black_bed":2,"minecraft:leather":5,"minecraft:oak_log":10,"minecraft:dirt":27,"minecraft:bone":1,"minecraft:wheat_seeds":1,"minecraft:iron_ingot":4,"minecraft:beef":4,"minecraft:melon_slice":32,"minecraft:gray_bed":1,"minecraft:stick":3,"minecraft:raw_iron":5,"ae2:sky_stone_block":1,"minecraft:tnt":3,"minecraft:arrow":2,"alexscaves:spelunkery_table":1,"minecraft:granite":1,"minecraft:terracotta":1,"minecraft:oak_sapling":5,"minecraft:mutton":6,"minecraft:white_wool":6,"minecraft:cobblestone":24},"minecraft:dropped":{"gravestone:obituary":1,"minecraft:arrow":2},"minecraft:killed":{"minecraft:skeleton":1,"minecraft:sheep":4,"minecraft:cow":3},"minecraft:used":{"minecraft:stone_pickaxe":19,"minecraft:chest":2,"minecraft:wooden_pickaxe":11,"minecraft:white_wool":3,"minecraft:dirt":17,"minecraft:terracotta":1,"minecraft:crafting_table":2,"minecraft:black_bed":2,"minecraft:wooden_axe":18,"minecraft:melon_slice":3,"minecraft:iron_pickaxe":3,"ae2:sky_stone_block":1,"minecraft:stone_axe":20,"alexscaves:spelunkery_table":1,"minecraft:cobblestone":3,"minecraft:oak_sapling":4,"minecraft:furnace":1,"minecraft:cooked_beef":4},"minecraft:custom":{"minecraft:interact_with_furnace":6,"minecraft:mob_kills":8,"minecraft:interact_with_crafting_table":8,"minecraft:open_barrel":1,"minecraft:interact_with_loom":3,"minecraft:leave_game":4,"minecraft:time_since_death":7207,"minecraft:sleep_in_bed":1,"minecraft:time_since_rest":7231,"minecraft:sprint_one_cm":52787,"minecraft:damage_taken":555,"minecraft:walk_one_cm":38350,"minecraft:drop":2,"minecraft:damage_dealt":650,"minecraft:fly_one_cm":132787,"minecraft:open_chest":4,"minecraft:crouch_one_cm":3202,"minecraft:play_time":32621,"minecraft:deaths":1,"minecraft:sneak_time":2437,"minecraft:walk_under_water_one_cm":389,"minecraft:jump":635,"minecraft:walk_on_water_one_cm":1109,"minecraft:total_world_time":32621,"minecraft:fall_one_cm":18768},"minecraft:mined":{"alexscaves:spelunkery_table":1,"minecraft:crafting_table":1,"minecraft:granite":1,"minecraft:grass_block":6,"minecraft:dead_bush":1,"minecraft:iron_ore":5,"minecraft:gray_bed":1,"minecraft:tnt":3,"minecraft:black_bed":1,"minecraft:grass":10,"minecraft:oak_log":10,"minecraft:dirt":9,"minecraft:stripped_oak_log":5,"minecraft:terracotta":1,"ae2:sky_stone_block":1,"minecraft:stone":24,"minecraft:white_wool":2,"minecraft:oak_leaves":1}},"DataVersion":3465}